id	Title
6040	Jumanji
6041	Grumpier Old Men
6042	Waiting to Exhale
6043	Father of the Bride Part II
6044	Heat
6045	Sabrina
6046	Tom and Huck
6047	Sudden Death
6048	GoldenEye
6049	The American President
6050	Dracula: Dead and Loving It
6051	Balto
6052	Nixon
6053	Cutthroat Island
6054	Casino
6055	Sense and Sensibility
6056	Four Rooms
6057	Ace Ventura: When Nature Calls
6058	Money Train
6059	Get Shorty
6060	Copycat
6061	Assassins
6062	Powder
6063	Leaving Las Vegas
6064	Othello
6065	I Now Pronounce You Chuck and Larry
6066	Persuasion
6067	The City of Lost Children
6068	Shanghai Triad
6069	Dangerous Minds
6070	12 Monkeys
6071	Wings of Courage
6072	Babe
6073	Carrington
6074	Dead Man Walking
6075	It Takes Two
6076	Clueless
6077	Cry, the Beloved Country
6078	Richard III
6079	Dead Presidents
6080	Restoration
6081	Mortal Kombat
6082	To Die For
6083	How to Make an American Quilt
6084	Seven
6085	Pocahontas
6086	When Night Is Falling
6087	The Usual Suspects
6088	Mighty Aphrodite
6089	Lamerica
6090	The Big Green
6091	Georgia
6092	Home for the Holidays
6093	The Indian in the Cupboard
6094	Eye for an Eye
6095	Mr. Holland's Opus
6096	Don't Be a Menace to South Central While Drinking Your Juice in the Hood
6097	Two If by Sea
6098	Bio-Dome
6099	Lawnmower Man 2: Beyond Cyberspace
6100	Two Bits
6101	French Twist
6102	Friday
6103	From Dusk Till Dawn
6104	Fair Game
6105	Kicking and Screaming
6106	Bed of Roses
6107	Big Bully
6108	Screamers
6109	The Crossing Guard
6110	The Juror
6111	Things to Do in Denver When You're Dead
6112	Antonia's Line
6113	Last Summer in the Hamptons
6114	White Squall
6115	Dunston Checks In
6116	Black Sheep
6117	Nick of Time
6118	The Journey of August King
6119	Mary Reilly
6120	Vampire in Brooklyn
6121	Beautiful Girls
6122	Broken Arrow
6123	A Midwinter's Tale
6125	Heidi Fleiss: Hollywood Madam
6126	City Hall
6127	Bottle Rocket
6128	Mr. Wrong
6129	Unforgettable
6130	Happy Gilmore
6131	The Bridges of Madison County
6132	Muppet Treasure Island
6133	Catwalk Dogs
6134	Braveheart
6135	Taxi Driver
6136	Before and After
6137	Margaret's Museum
6138	Anne Frank Remembered
6139	The Young Poisoner's Handbook
6140	If Lucy Fell
6141	Steal Big Steal Little
6143	The Boys of St. Vincent
6144	Boomerang
6145	Flirting with Disaster
6146	The NeverEnding Story III
6147	Pie in the Sky
6148	Angela
6149	Frankie Starlight
6150	Jade
6151	Down Periscope
6152	Man of the Year
6153	The Neon Bible
6155	The Birdcage
6156	The Brothers McMullen
6157	Bad Boys
6158	The Amazing Panda Adventure
6159	The Basketball Diaries
6160	An Awfully Big Adventure
6161	Amateur
6162	Apollo 13
6163	Rob Roy
6164	Addiction
6165	Batman Forever
6166	Belle de Jour
6167	Beyond Rangoon
6168	Blue in the Face
6169	Canadian Bacon
6170	Casper
6171	Clockers
6172	Congo
6173	Crimson Tide
6174	Crumb
6175	Desperado
6176	Devil in a Blue Dress
6177	Die Hard with a Vengeance
6178	The Doom Generation
6179	Feast of July
6180	First Knight
6181	Free Willy 2: The Adventure Home
6182	Hackers
6183	Jeffrey
6184	Johnny Mnemonic
6185	Judge Dredd
6186	Jury Duty
6187	Kids
6188	Living in Oblivion
6189	Lord of Illusions
6190	Love and Human Remains
6191	Mad Love
6192	Mallrats
6193	Mighty Morphin Power Rangers: The Movie
6194	Moonlight and Valentino
6195	Mute Witness
6196	Nadja
6197	NetForce
6198	Nine Months
6199	Party Girl
6200	Prophecy
6201	Reckless
6202	Safe
6203	The Scarlet Letter
6204	High School Musical 2
6205	Showgirls
6206	Smoke
6207	Something to Talk About
6208	Species
6209	The Stars Fell on Henrietta
6210	Strange Days
6211	The Umbrellas of Cherbourg
6212	The Tie That Binds
6213	Three Wishes
6214	Total Eclipse
6215	To Wong Foo, Thanks for Everything! Julie Newmar
6216	Under Siege 2: Dark Territory
6217	Unstrung Heroes
6218	Unzipped
6219	A Walk in the Clouds
6220	Waterworld
6221	White Man's Burden
6222	The Browning Version
6223	Bushwhacked
6224	Burnt by the Sun
6225	Before Sunrise
6226	Billy Madison
6227	The Babysitter
6228	Boys on the Side
6229	Cure
6230	Castle Freak
6231	Circle of Friends
6232	Clerks II
6233	Don Juan DeMarco
6234	Disclosure
6235	Drop Zone
6237	Death and the Maiden
6238	Dolores Claiborne
6239	Dumb and Dumber
6240	Exotica
6241	Exit to Eden
6242	Ed Wood
6243	French Kiss
6244	Forget Paris
6245	Far from Home: The Adventures of Yellow Dog
6246	A Goofy Movie
6247	Hideaway
6248	Fluke
6249	Farinelli
6252	The Glass Shield
6253	Hoop Dreams
6254	Heavenly Creatures
6255	Houseguest
6256	Immortal Beloved
6257	Heavyweights
6258	Hunted
6259	I.Q.
6260	Interview with the Vampire: The Vampire Chronicles
6261	Jefferson in Paris
6262	The Jerky Boys: The Movie
6263	Junior
6264	Just Cause
6265	A Kid in King Arthur's Court
6266	Kiss of Death
6267	Star Wars Episode IV: A New Hope
6268	Little Women
6269	Ladybird, Ladybird
6270	Like Water for Chocolate
6271	Legends of the Fall
6272	Major Payne
6273	Little Odessa
6274	Love Affair
6275	Losing Isaiah
6276	The Madness of King George
6277	Frankenstein
6278	Man of the House
6279	Mixed Nuts
6280	Milk Money
6281	Miracle on 34th Street
6282	Miami Rhapsody
6283	My Family
6284	Murder in the First
6285	Nobody's Fool
6286	Nell
6287	New Jersey Drive
6289	Natural Born Killers
6290	Only You
6291	Once Were Warriors
6292	Poison Ivy II: Lily
6293	Outbreak
6294	The Perez Family
6295	A Pyromaniac's Love Story
6296	Pulp Fiction
6297	The Pink Panther
6298	Pushing Hands
6299	Priest
6300	Quiz Show
6301	Picture Bride
6302	The Quick and the Dead
6303	Roommates
6304	Three Colors: Red
6305	Three Colors: Blue
6306	Three Colors: White
6307	Red Firecracker, Green Firecracker
6308	Rent-a-Kid
6310	Stuart Saves His Family
6311	The Swan Princess
6312	The Secret of Roan Inish
6313	The Specialist
6314	Stargate
6315	Santa Claus Conquers the Martians
6316	The Shawshank Redemption
6317	Shallow Grave
6318	Suture
6319	Swimming with Sharks
6320	The Sum of Us
6321	National Lampoon's Senior Trip
6322	To Live
6323	Tank Girl
6324	Demon Knight
6325	Star Trek: Generations
6326	Tales from the Hood
6327	Tom & Viv
6328	Village of the Damned
6329	Tommy Boy
6330	Vanya on 42nd Street
6331	Underneath the Arches
6332	The Walking Dead
6333	What's Eating Gilbert Grape
6334	Virtuosity
6335	While You Were Sleeping
6336	The War
6337	Double Happiness
6338	Muriel's Wedding
6339	The Baby-Sitters Club
6340	Ace Ventura: Pet Detective
6341	The Adventures of Priscilla, Queen of the Desert
6342	Backbeat
6343	Bitter Moon
6344	Bullets Over Broadway
6345	Clear and Present Danger
6346	The Client
6347	Corrina, Corrina
6348	Crooklyn
6349	The Crow
6350	Cobb
6351	The Flintstones: On the Rocks
6352	Forrest Gump
6353	Four Weddings and a Funeral
6354	Higher Learning
6355	I Like It Like That
6356	It Could Happen to You
6357	The Jungle Book
6358	Leo the Lion: King of the Jungle
6359	Little Buddha
6360	Wes Craven's New Nightmare
6361	Mask
6362	Maverick
6363	Mrs. Parker and the Vicious Circle
6364	Paper Moon
6365	Reality Bites
6366	Red Rock West
6367	Richie Rich
6368	Safe Passage
6369	Wild River
6370	Speed
6371	Speechless
6372	Timecop
6373	True Lies
6374	When a Man Loves a Woman
6375	Wolf
6376	Wyatt Earp
6377	Bad Company
6378	A Man of No Importance
6379	S.F.W.
6380	A Low Down Dirty Shame
6381	Boys Life
6382	Faster, Pussycat! Kill! Kill!
6383	Jason's Lyric
6384	The Secret Adventures of Tom Thumb
6385	Street Fighter
6386	Coldblooded
6387	Mirage
6389	Highlander III: The Sorcerer
6390	In the Mouth of Madness
6391	8 Seconds
6392	Above the Rim
6393	Addams Family Values
6394	You So Crazy
6395	The Age of Innocence
6396	Airheads
6397	The Air Up There
6398	Another Stakeout
6399	Bad Girls
6400	Barcelona
6401	Being Human
6402	The Beverly Hillbillies
6403	Beverly Hills Cop III
6404	Black Beauty
6405	Blink
6406	Blown Away
6407	Blue Chips
6408	Blue Sky
6409	Body Snatchers
6410	Boxing Helena
6411	A Bronx Tale
6412	Cabin Boy
6413	Carlito's Way
6414	City Slickers II: The Legend of Curly's Gold
6415	Clean Slate
6416	Cliffhanger
6417	Coneheads
6418	Color of Night
6419	The Cowboy Way
6420	Dave
6421	Dazed and Confused
6422	Demolition Man
6423	The Endless Summer II
6424	Even Cowgirls Get the Blues
6425	Fatal Instinct
6426	Farewell My Concubine
6427	The Favor
6428	Fearless
6429	Fear of a Black Hat
6430	With Honors
6431	Flesh and Bone
6432	Widows' Peak
6433	For Love or Money
6434	The Firm
6435	Free Willy
6436	Fresh
6437	The Fugitive
6438	Geronimo: An American Legend
6439	The Getaway
6440	Getting Even with Dad
6441	Go Fish
6442	A Good Man in Africa
6443	Guilty as Sin
6444	Hard Target
6445	Heaven & Earth
6446	Hot Shots! Part Deux
6447	Live Nude Girls
6448	The Englishman Who Went Up a Hill But Came Down a Mountain
6449	The House of the Spirits
6450	House Party 3
6451	The Hudsucker Proxy
6452	I'll Do Anything
6453	In the Army Now
6454	In the Line of Fire
6455	Out of the Inkwell
6456	What's Love Got to Do with It
6457	Jimmy Hollywood
6458	Judgment Night
6459	Jurassic Park
6460	Kalifornia
6461	Killing Zoe
6462	King of the Hill
6463	Lassie
6464	Last Action Hero
6465	Life with Mikey
6466	Lightning Jack
6467	M. Butterfly
6468	Made in America
6469	Malice
6470	The Man Without a Face
6471	Manhattan Murder Mystery
6472	Menace II Society
6473	Executive Decision
6474	In the Realm of the Senses
6475	What Happened Was
6476	Much Ado About Nothing
6477	Mr. Jones
6478	Mr. Wonderful
6479	Mrs. Doubtfire
6480	Naked
6481	The Next Karate Kid
6482	The New Age
6483	No Escape
6484	North
6485	Orlando
6486	A Perfect World
6487	Philadelphia
6488	The Piano Teacher
6489	Poetic Justice
6490	Princess Protection Program
6491	Radioland Murders
6492	The Ref
6493	The Remains of the Day
6494	Renaissance Man
6495	Rising Sun
6496	The Road to Wellville
6497	RoboCop 3
6498	Robin Hood: Men in Tights
6499	Romeo Is Bleeding
6500	Romper Stomper
6501	Ruby in Paradise
6502	Rudy
6503	The Saint of Fort Washington
6504	Schindler's List
6505	The Scout
6506	Searching for Bobby Fischer
6507	Second Best
6508	The Secret Garden
6509	Serial Mom
6510	Shadow of the Vampire
6511	Shadowlands
6512	Short Cuts
6513	A Simple Twist of Fate
6514	Sirens
6515	Six Degrees of Separation
6516	Sleepless in Seattle
6517	Sliver
6518	Blade Runner
6519	Son in Law
6520	So I Married an Axe Murderer
6521	Striking Distance
6523	Super Mario Bros.
6524	Surviving the Game
6525	Terminal Velocity
6526	Thirty Two Short Films About Glenn Gould
6527	Threesome
6528	The Nightmare Before Christmas
6529	The Three Musketeers
6530	Trial by Jury
6531	True Romance
6532	The War Room
6534	The Pagemaster
6535	Paris, France
6536	Welcome to the Dollhouse
6537	Germinal
6538	The Chasers
6539	Cronos
6540	Naked in New York
6541	Kika
6542	Bhaji on the Beach
6543	Little Big League
6544	Spanking the Monkey
6545	The Little Rascals
6547	Andre
6550	Princess Caraboo
6551	The Celluloid Closet
6552	Caro diario
6553	The Brady Bunch Movie
6554	Home Alone
6555	Ghost
6556	Aladdin
6557	Terminator 2: Judgment Day
6558	Dances with Wolves
6559	Batman
6560	The Silence of the Lambs
6561	Snow White and the Seven Dwarfs
6562	Beauty and the Beast
6563	Pinocchio
6564	Pretty Woman
6565	The Wild Bunch: An Album in Montage
6566	Love and a .45
6567	A Great Day in Harlem
6568	Bye Bye Love
6569	One Fine Day
6570	Candyman 2: Farewell to the Flesh
6572	Homeward Bound II: Lost in San Francisco
6573	Heavy Metal
6574	Hellraiser: Bloodline
6575	The Pallbearer
6576	Jane Eyre
6577	Loaded Pistols
6578	Bread and Chocolate
6579	The Aristocats
6580	Two Much
6581	My Favorite Season
6582	A Thin Line Between Love and Hate
6583	The Last Supper
6584	Primal Fear
6585	Carried Away
6586	All Dogs Go to Heaven 2
6587	Denise Calls Up
6589	A Family Thing
6590	Sgt. Bilko
6591	Jack and Sarah
6592	Girl 6
6593	Diabolique
6595	Nelly and Mr. Arnaud
6596	Courage Under Fire
6597	Mission: Impossible
6598	Moll Flanders
6599	Dragonheart
6600	Eddie
6602	Purple Noon
6604	James and the Giant Peach
6605	Fear
6606	Brain Candy
6607	Faithful
6608	Underground
6609	All Things Fair
6610	Bloodsport II: The Next Kumite
6611	Pather Panchali
6613	Mystery Science Theater 3000: The Movie
6615	Space Jam
6616	Barbarella
6617	The Run of the Country
6618	Alphaville
6619	It's My Party
6620	Country Life
6621	Operation Dumbo Drop
6622	Mrs. Winterbourne
6623	Solo
6624	Substitute
6625	True Crime
6626	Butterfly Kiss
6627	Feeling Minnesota
6629	Angus
6630	Daens
6631	Faces
6632	The Quest
6633	Cosi
6634	Sunset Park
6635	Mulholland Falls
6636	The Truth About Cats & Dogs
6637	Oliver & Company
6638	Celtic Pride
6639	Flipper
6641	Dead Man Running
6642	Switchblade Sisters
6643	Les Visiteurs
6644	Multiplicity
6645	A Matter of Loaf and Death
6646	The Craft
6647	The Great White Hype
6648	Last Dance
6649	Cold Comfort Farm
6650	Institute Benjamenta
6651	Heaven's Prisoners
6653	The Rock
6655	Twister
6656	Barb Wire
6657	Thinner
6658	Spy Hard
6659	A Close Shave
6660	Force of Evil
6661	The Stupids
6662	The Arrival
6664	Dr. Strangelove
6665	Careful
6666	A Month by the Lake
6667	Gold Diggers: The Secret of Bear Mountain
6668	Kim
6669	Maya Lin: A Strong Clear Vision
6670	Stalingrad
6671	The Phantom of the Opera
6672	Striptease
6673	Heavy
6674	Jack Benny
6675	I Shot Andy Warhol
6676	The Grass Harp
6677	Trainspotting
6678	'Til There Was You
6679	Stealing Beauty
6680	The Fan
6681	The Hunchback of Notre Dame
6682	Larry the Cable Guy: Health Inspector
6683	Kingpin
6684	Eraser
6685	The Gate of Heavenly Peace
6686	The Nutty Professor
6687	A Hungarian Fairy Tale
6688	A Very Natural Thing
6689	Daylight
6690	The Frighteners
6691	Lone Star
6692	Harriet the Spy
6693	Phenomenon
6694	Walking and Talking
6695	She's the One
6696	A Time to Kill
6697	American Buffalo
6698	Alaska
6699	Fled
6700	Kazaam
6702	Larger than Life
6705	A Very Brady Sequel
6706	La Collectionneuse
6707	The Enigma of Kaspar Hauser
6708	The Adventures of Pinocchio
6709	Joe's Apartment
6710	The First Wives Club
6711	Stonewall
6712	Ransom
6713	High School High
6715	Foxfire
6716	Chain Reaction
6717	Matilda
6718	Emma
6719	The Crow: City of Angels
6720	House Arrest
6721	Eyes Without a Face
6722	Bordello of Blood
6723	Flirt
6724	The Spitfire Grill
6725	Escape from L.A.
6726	Cyclo
6727	Basquiat
6728	Tin Cup
6729	Dingo
6730	Godfather
6731	Der bewegte Mann
6732	Once a Cop
6733	Manny & Lo
6734	The Time Traveler's Wife
6735	Bound
6736	Carpool
6738	Kansas City
6739	Gone Fishin'
6741	Nothing to Lose
6742	Girls Town
6743	The Relic
6744	The Island of Dr. Moreau
6745	First Kid
6746	The Trigger Effect
6748	Bogus
6749	Bulletproof
6750	Talk of Angels
6751	The Land Before Time III: The Time of the Great Giving
6753	Halloween: The Curse of Michael Myers
6754	Twelfth Night
6755	Mother Night
6757	Wild Reeds
6758	For Whom the Bell Tolls
6759	The Philadelphia Story
6760	Singin' in the Rain
6761	An American in Paris
6762	Funny Face
6763	Breakfast at Tiffany's
6764	Vertigo
6765	Rear Window
6766	It Happened One Night
6767	The Gay Divorcee
6768	North by Northwest
6769	Apartment for Peggy
6770	Some Like It Hot
6771	Casablanca
6772	The Maltese Falcon
6773	My Fair Lady
6774	Sabrina
6775	Roman Holiday
6776	Meet Me in St. Louis
6777	Wizard of Oz
6778	Gone with the Wind
6779	My Favorite Year
6780	Citizen Kane
6781	2001: A Space Odyssey
6782	Golden Earrings
6783	All About Eve
6784	Women in Love
6785	Rebecca
6786	Foreign Correspondent
6787	Notorious
6788	Spellbound
6789	An Affair to Remember
6790	To Catch a Thief
6791	Father of the Bride
6792	The Band Wagon
6793	Ninotchka
6794	Love in the Afternoon
6795	Gigi
6796	The Reluctant Debutante
6797	The Adventures of Robin Hood
6798	Laura
6799	The Ghost and Mrs. Muir
6800	Lost Horizon
6801	Top Hat
6802	Giant
6803	East of Eden
6804	The Thin Man Goes Home
6805	Around the World in 80 Days
6806	It's a Wonderful Life
6807	Mr. Smith Goes to Washington
6808	Bringing Up Baby
6809	The Scarlet Letter
6810	Outlaw
6811	Night of the Living Dead 3D
6812	The African Queen
6813	Cat on a Hot Tin Roof
6814	Yes, Madam
6815	Dangerous Ground
6816	Picnic
6817	The Pompatus of Love
6818	Small Wonders
6819	Fly Away Home
6820	Bliss
6821	Grace of My Heart
6822	Brother of Sleep
6823	Maximum Risk
6824	Michael Collins
6825	The Rich Man's Wife
6826	Infinity
6827	Big Night
6828	Last Man Standing
6829	Caught
6830	Set It Off
6831	2 Days in the Valley
6832	Curdled
6833	Ed's Next Move
6834	Extreme Measures
6835	The Glimmer Man
6836	D3: The Mighty Ducks
6837	The Chamber
6838	The Apple Dumpling Gang
6839	Davy Crockett, King of the Wild Frontier
6840	Escape to Witch Mountain
6841	The Love Bug
6842	Herbie Rides Again
6843	Old Yeller
6844	The Parent Trap
6845	Homeward Bound: The Incredible Journey
6846	The Shaggy Dog
6847	Swiss Family Robinson
6848	That Darn Cat!
6849	Cool Runnings
6850	Angels in the Outfield
6851	Cinderella
6852	Winnie the Pooh and the Blustery Day
6853	The Three Caballeros
6854	The Sword in the Stone
6855	So Dear to My Heart
6856	Robin Hood: Prince of Thieves
6857	Mary Poppins
6858	Dumbo
6859	Pete's Dragon
6860	Bedknobs and Broomsticks
6861	Alice in Wonderland
6862	The Fox and the Hound 2
6863	Freeway
6864	The Sound of Music
6865	Die Hard
6866	The Lawnmower Man
6867	Unhook the Stars
6868	The Secret Agent
6869	Secrets of the Furious Five
6870	That Thing You Do!
6871	To Gillian on Her 37th Birthday
6872	Surviving Picasso
6873	Beautiful Thing
6874	The Long Kiss Goodnight
6875	The Ghost and the Darkness
6876	Looking for Richard
6877	Trees Lounge
6878	Normal Life
6879	Get on the Bus
6880	Shadow Conspiracy
6881	Jude
6882	Everyone Says I Love You
6883	Romeo + Juliet
6884	Swingers
6885	Sleepers
6887	Johns
6888	Aladdin and the King of Thieves
6889	Shall We Dance
6890	A Damsel in Distress
6891	Crossfire
6892	Murder, My Sweet
6894	The Great Moment
6895	Innocents of Paris
6896	Sleeper
6897	Bananas
6898	A Fish Called Wanda
6899	Monty Python's Life of Brian
6900	Victor/Victoria
6901	The Candidate
6902	The Great Race
6903	Bonnie and Clyde
6904	The Old Man and the Sea
6905	Dial M for Murder
6906	Madame Butterfly
6907	Dirty Dancing
6908	Reservoir Dogs
6909	Platoon
6910	Weekend at Bernie's II
6911	Basic Instinct 2
6912	The Doors
6913	The Crying Game
6914	Glengarry Glen Ross
6915	Sophie's Choice
6916	E.T. the Extra-Terrestrial
6917	A Christmas Carol
6918	Days of Thunder
6919	Top Gun
6921	Rebel Without a Cause
6922	A Streetcar Named Desire
6923	Children of the Corn IV: The Gathering
6924	Microcosmos
6925	Palookaville
6926	The Associate
6927	Funeral in Berlin
6928	Punch Drunks
6929	The People vs. Larry Flynt
6930	Glory Daze
6931	On Golden Pond
6932	The Return of the Pink Panther
6933	Drop Dead Fred
6934	Ghosts of the Abyss
6935	The Fog
6936	Escape from New York
6937	Howling VI: The Freaks
6938	Jean de Florette
6939	Manon des Sources
6940	Private Benjamin
6941	Monty Python and the Holy Grail
6943	When We Were Kings
6944	The Wrong Trousers
6945	Faust
6946	Raw Deal
6948	The Ruling Class
6949	Mina Tannenbaum
6950	Two or Three Things I Know About Her
6951	Dear God
6952	Bad Moon
6953	American Dream
6955	Bob Roberts
6956	Cinema Paradiso
6957	The Cook, the Thief, His Wife & Her Lover
6958	Grosse Fatigue
6959	Delicatessen
6960	Enchanted April
6961	Paths of Glory
6962	The Grifters
6963	Shooter
6964	The English Patient
6965	Mediterraneo
6966	My Left Foot
6967	Sex, Lies, and Videotape
6968	Passion Fish
6969	Strictly Ballroom
6970	The Thin Blue Line
6971	Tie Me Up! Tie Me Down!
6972	Madonna: Truth or Dare
6973	Paris Is Burning
6974	One Flew Over the Cuckoo's Nest
6975	Up in Smoke
6976	Star Wars Episode V: The Empire Strikes Back
6977	The Princess Bride
6978	Raiders of the Lost Ark
6979	Brazil
6980	Aliens
6981	The Good, the Bad and the Ugly
6982	Withnail and I
6983	12 Angry Men
6984	Lawrence of Arabia
6986	A Clockwork Orange
6987	To Kill a Mockingbird
6988	Apocalypse Now
6989	Once Upon a Time in the West
6990	Star Wars Episode VI: Return of the Jedi
6991	Third Man Out
6992	Goodfellas
6993	Alien
6994	Army of Darkness
6995	Ran
6996	Psycho
6997	The Blues Brothers
6998	The Godfather Part II
6999	Full Metal Jacket
7000	A Grand Day Out
7001	Henry V
7002	Amadeus
7003	The Quiet Man
7004	Once Upon a Time in America
7005	Raging Bull
7006	Annie Hall
7007	The Right Stuff
7008	Stalker
7009	Sting of the West
7010	Harold and Maude
7011	Trust
7012	Local Hero
7013	Terminator Salvation
7014	Braindead
7015	Glory
7016	Manhattan
7017	Miller's Crossing
7018	Dead Poets Society
7019	Graduate
7020	Touch of Evil
7021	The Bridge on the River Kwai
7022	Chinatown
7023	The Day the Earth Stood Still
7024	The Treasure of the Sierra Madre
7025	Bad Taste
7026	Duck Soup
7027	Better Off Dead
7028	Shining Through
7029	Stand by Me
7030	Evil Dead II
7031	The Great Escape
7032	The Deer Hunter
7033	Diva
7034	Groundhog Day
7035	Unforgiven
7036	The Manchurian Candidate
7037	Pump Up the Volume
7038	Arsenic and Old Lace
7039	Back to the Future
7040	Fried Green Tomatoes
7041	Patton
7042	Down by Law
7043	Akira
7044	Highlander
7045	Cool Hand Luke
7046	Young Frankenstein
7047	Night on Earth
7048	Raise the Red Lantern
7049	The Great Dictator
7050	Fantasia
7051	High Noon
7052	The Big Sleep
7053	Heathers
7054	Somewhere in Time
7055	Ben-Hur
7056	This Is Spinal Tap
7057	Koyaanisqatsi
7058	Some Kind of Wonderful
7059	Indiana Jones and the Last Crusade
7060	Being There
7061	Gandhi
7063	The Unbearable Lightness of Being
7064	A Room with a View
7065	Real Genius
7066	Pink Floyd%E2%80%94The Wall
7067	The Killing Fields
7068	My Life as a Dog
7069	Forbidden Planet
7070	Field of Dreams
7071	The Man Who Would Be King
7072	Butch Cassidy and the Sundance Kid
7073	Paris, Texas
7074	Until the End of the World
7075	When Harry Met Sally...
7076	Hype!
7078	Mad Dog Time
7079	I'm Not Rappaport
7080	An American Werewolf in London
7082	Amityville 3-D
7085	Amityville II: The Possession
7086	The Amityville Horror
7087	The Amityville Curse
7088	Blood for Dracula
7089	April Fool's Day
7090	Audrey Rose
7091	Believers
7092	The Birds
7093	The Blob
7095	Body Parts
7096	The Body Snatcher
7097	Dracula
7098	Bride of Frankenstein
7099	Burnt Offerings
7100	Candyman
7101	Cape Fear
7102	Cape Fear
7103	Carrie
7104	Cat People
7105	A Nightmare on Elm Street
7106	Nosferatu
7107	Omen
7108	Blood Diamond
7109	Albino Alligator
7110	The Mirror Has Two Faces
7111	Breaking the Waves
7112	Nightwatch
7113	Star Trek: First Contact
7114	Shine
7115	Sling Blade
7116	Jingle All the Way
7118	Paradise Lost: The Child Murders at Robin Hood Hills
7119	The Preacher's Wife
7120	Ridicule
7121	Crucible of Terror
7122	101 Dalmatians
7123	Die Hard 2
7124	Star Trek: The Motion Picture
7125	Star Trek VI: The Undiscovered Country
7126	Star Trek V: The Final Frontier
7127	Star Trek II: The Wrath of Khan
7128	Star Trek III: The Search for Spock
7129	Star Trek IV: The Voyage Home
7130	Batman Returns
7131	Young Guns
7132	Young Guns II
7133	Grease
7134	Grease 2
7135	Marked for Death
7137	Under Siege
7139	Jaws
7140	Jaws 2
7141	Jaws 3-D
7142	My Fellow Americans
7143	Mars Attacks!
7144	Citizen Ruth
7145	Jerry Maguire
7146	Raising Arizona
7147	Tin Men
7148	Sneakers
7149	Bastard Out of Carolina
7150	In Love and War
7151	Marvin's Room
7152	Ghosts of Mississippi
7153	Night Falls on Manhattan
7154	Beavis and Butt-head Do America
7155	Scream
7156	The Last of the Mohicans
7157	Michael Jackson's Thriller
7158	The Evening Star
7159	Hamlet
7160	Some Mother's Son
7161	The Whole Wide World
7162	Mother India
7163	Evita
7164	The Portrait of a Lady
7165	Walkabout
7166	Message to Love
7167	Grateful Dead: So Far
7168	Murder at 1600
7169	Hearts and Minds
7170	Fierce Creatures
7171	Zeus and Roxanne
7172	Turbulence
7173	Angel Baby
7175	Beverly Hills Ninja
7176	Metro
7177	The Time Machine
7178	The Stranger
7179	The Cement Garden
7180	Dante's Peak
7181	Meet Wally Sparks
7182	Amos & Andrew
7183	The Benny Goodman Story
7184	Prefontaine
7185	McHale's Navy
7186	Kolya
7187	Gridlock'd
7188	Waiting for Guffman
7189	The Beautician and the Beast
7190	Suburbia
7191	Hotel de Love
7192	Pest from the West
7193	Fools Rush In
7194	Touch
7195	Absolute Power
7196	That Darn Cat
7197	Vegas Vacation
7198	That Old Feeling
7199	Lost Highway
7200	Rosewood
7201	Donnie Brasco
7202	Booty Call
7203	Rhyme & Reason
7204	Boys Life 2
7205	City of Industry
7206	Best Men
7207	Kama Sutra: A Tale of Love
7208	Private Parts
7209	Love Jones
7210	The Gospel According to St. Matthew
7211	Smilla's Sense of Snow
7212	Van Helsing
7213	Crash
7214	The Daytrippers
7215	Liar, Liar
7216	The Quiet Room
7217	Selena
7218	The Devil's Own
7219	Cats Don't Dance
7220	B*A*P*S
7221	Love and Other Catastrophes
7223	Turbo: A Power Rangers Movie
7224	Anna Karenina
7225	Double Team
7226	Inventing the Abbotts
7227	Anaconda
7228	Grosse Pointe Blank
7229	Keys to Tulsa
7230	Kissed
7231	8 Heads in a Duffel Bag
7232	Hollow Reed
7233	Paradise Road
7234	Traveller
7235	All Over Me
7236	A Chef in Love
7237	Romy and Michele's High School Reunion
7238	Volcano
7239	Children of the Revolution
7240	Austin Powers: International Man of Mystery
7241	Breakdown
7242	Broken English
7243	Commandments
7245	Truth or Consequences, N.M.
7246	Warriors of Virtue
7247	Fathers' Day
7248	The Fifth Element
7250	Nowhere
7251	Love! Valour! Compassion!
7253	Twin Town
7254	Addicted to Love
7255	Brassed Off
7256	The Designated Mourner
7257	The Lost World: Jurassic Park
7258	Ponette
7259	Schizopolis
7260	Shiloh
7262	Trial and Error
7263	Buddy
7264	Con Air
7265	The Pillow Book
7266	Deep Throat
7267	Speed 2: Cruise Control
7269	Batman & Robin
7270	Dream with the Fishes
7271	Roseanna's Grave
7272	Head Above Water
7273	Hercules
7274	The Last Time I Committed Suicide
7275	My Best Friend's Wedding
7276	Tetsuo II: Body Hammer
7277	Face-Off
7278	Intolerance
7279	Gabbeh
7281	Men in Black
7282	Out to Sea
7283	Wild America
7284	A Simple Wish
7285	Contact
7286	Love Serenade
7287	G.I. Jane
7288	Conan the Barbarian
7289	George of the Jungle
7290	Cop Land
7291	Event Horizon
7292	Spawn
7293	Air Bud
7294	Picture Perfect
7295	In the Company of Men
7296	Free Willy 3: The Rescue
7297	Career Girls
7298	Conspiracy Theory
7299	Desperate Measures
7300	Man of Steel
7301	She's So Lovely
7302	Hoodlum
7303	Leave It to Beaver
7304	Mimic
7305	Money Talks
7306	Excess Baggage
7307	Kull the Conqueror
7308	Air Force One
7309	One Eight Seven
7310	The Hunt for Red October
7311	My Own Private Idaho
7312	Kiss Me, Guido
7313	Star Maps
7314	Peacemaker
7315	L.A. Confidential
7316	Seven Years in Tibet
7317	Kiss the Girls
7318	Soul Food
7319	Wishmaster
7320	A Thousand Acres
7321	Death Proof
7322	Fire Down Below
7323	U Turn
7324	The MatchMaker
7325	Golgo 13: Assignment Kowloon
7326	A Smile Like Yours
7327	Ulee's Gold
7328	The Ice Storm
7329	Stag Night
7330	Chasing Amy
7331	Def Jam's How to Be a Player
7332	The Full Monty
7333	Mrs. Brown
7334	I Know What You Did Last Summer
7335	The Devil's Advocate
7336	RocketMan
7337	Playing God
7338	The House of Yes
7339	Fast, Cheap & Out of Control
7340	Washington Square
7341	Telling Lies in America
7342	Year of the Horse
7343	Gattaca
7344	FairyTale: A True Story
7345	Phantoms
7346	Swept from the Sea
7348	A Life Less Ordinary
7349	Hurricane Streets
7350	Eve's Bayou
7351	Switchback
7352	Gang Related
7353	Stripes
7354	Bean
7355	Hugo Pool
7356	Mad City
7357	One Night Stand
7358	The Tango Lesson
7359	Welcome to Sarajevo
7360	Deceiver
7361	The Rainmaker
7362	Boogie Nights
7363	Witness
7364	Incognito
7365	Starship Troopers
7366	Critical Care
7367	The Joy Luck Club
7368	Chairman of the Board
7369	Sliding Doors
7370	Mortal Kombat: Annihilation
7371	The Truman Show
7372	The Wings of the Dove
7373	I Love You, I Love You Not
7374	Red Corner
7375	The Jackal
7376	Anastasia
7377	The Man Who Knew Too Little
7378	Alien Resurrection
7379	Amistad
7380	Apostle Peter and the Last Supper
7381	Artemisia
7382	Bent
7383	Deconstructing Harry
7384	Flubber
7385	For Richer or Poorer
7386	Good Will Hunting
7387	Home Alone 3
7388	Midnight in the Garden of Good and Evil
7389	MouseHunt
7390	Office Killer
7391	Scream 2
7392	Stranger in the House
7393	The Sweet Hereafter
7394	Titanic
7395	Tomorrow Never Dies
7396	The Postman
7397	The Horse Whisperer
7398	The Winter Guest
7399	Jackie Brown
7400	Kundun
7401	Mr. Magoo
7402	The Big Lebowski
7403	Afterglow
7404	Ma vie en rose
7405	Great Expectations
7406	3 Ninjas: High Noon at Mega Mountain
7407	Firestorm
7408	Senseless
7409	Wag the Dog
7410	Dark City
7411	The Leading Man
7412	Star Kid
7413	Hard Rain
7414	Half Baked
7415	Fallen
7416	Shooting Fish
7417	The Prophecy II
7419	Four Days in September
7420	Spice World
7421	Deep Rising
7423	Music from Another Room
7424	The Replacement Killers
7425	B. Monkey
7426	The Night Flier
7427	Blues Brothers 2000
7428	Tokyo Fist
7429	The Wedding Singer
7430	Sphere
7431	Ayn Rand: A Sense of Life
7432	Little City
7433	Palmetto
7434	As Good as It Gets
7435	King of New York
7436	Men with Guns
7437	Twilight
7438	U.S. Marshals
7439	Welcome to Woop Woop
7440	Love and Death on Long Island
7441	Everest
7442	Hush
7443	Suicide Kings
7444	The Man in the Iron Mask
7445	The Newton Boys
7446	Wild Things 2
7447	Paulie
7448	A Cool, Dry Place
7449	Hana-bi
7450	Primary Colors
7451	Niagara, Niagara
7452	Wide Awake
7453	A Price Above Rubies
7455	Two Girls and a Guy
7456	No Looking Back
7458	The Object of My Affection
7459	Meet the Deedles
7460	Homegrown
7461	Barney's Great Adventure
7462	The Big One
7463	Chinese Box
7464	Lost in Space
7465	Heaven's Burning
7466	Mercury Rising
7467	The Spanish Prisoner
7468	City of Angels
7469	The Last Days of Disco
7470	The Odd Couple II
7471	My Giant
7472	He Got Game
7473	The Gingerbread Man
7474	Illtown
7476	Live Flesh
7477	Zero Effect
7478	Nil by Mouth
7480	I Love You, Don't Touch Me!
7482	An Alan Smithee Film: Burn Hollywood Burn
7483	Kissing a Fool
7484	Krippendorf's Tribe
7485	Kurt & Courtney
7486	The Real Blonde
7487	No More Mr. Nice Guy
7488	Taste of Cherry
7489	Character
7491	Species II
7492	Major League: Back to the Minors
7493	Sour Grapes
7494	Wild Man Blues
7495	Tarzan and the Lost City
7497	Black Dog
7498	Dancer, Texas Pop. 81
7499	Go Now
7500	Still Breathing
7501	Clockwatchers
7502	Deep Impact
7504	Hanging Garden
7505	Lawn Dogs
7506	Quest for Camelot
7507	Godzilla
7508	Bulworth
7509	Fear and Loathing in Las Vegas
7510	The Opposite of Sex
7512	Almost Heroes
7513	Hope Floats
7514	Insomnia
7515	Ugly Aur Pagli
7516	The Perfect Murder
7517	Beyond Silence
7518	Six Days Seven Nights
7519	Can't Hardly Wait
7520	Cousin Bette
7521	High Art
7522	Passion in the Desert
7523	Dear Jesse
7524	Dream for an Insomniac
7525	Hav Plenty
7526	Henry Fool
7527	Mr. Jealousy
7528	Mulan
7529	The X-Files
7530	I Went Down
7531	Dr. Dolittle
7532	Out of Sight
7533	Picnic at Hanging Rock
7534	Smoke Signals
7535	Voyage to the Beginning of the World
7536	Buffalo '66
7537	Armageddon
7538	Lethal Weapon 4
7539	Madeline
7540	Small Soldiers
7541	Pi
7542	Whatever Works
7543	There's Something About Mary
7544	Wings
7545	Broadway Melody of 1938
7546	All Quiet on the Western Front
7547	Cimarron
7548	Grand Hotel
7549	Cavalcade
7550	Mutiny on the Bounty
7551	The Great Ziegfeld
7552	You Can't Take It With You
7553	How Green Was My Valley
7554	Mrs. Miniver
7555	Going My Way
7556	The Lost Weekend
7557	The Best Years of Our Lives
7558	Gentleman's Agreement
7559	Hamlet
7560	All the King's Men
7561	The Greatest Show on Earth
7562	From Here to Eternity
7563	Marty
7564	West Side Story
7565	Tom Jones
7566	A Man for All Seasons
7567	In the Heat of the Night
7568	Oliver!
7569	Midnight Cowboy
7570	French Connection II
7571	Rocky
7572	Kramer vs. Kramer
7573	Ordinary People
7574	Chariots of Fire
7575	Terms of Endearment
7576	Out of Africa
7577	The Last Emperor
7578	Rain Man
7579	Take the Money and Run
7580	Klute
7581	Repo Man
7582	Metropolitan
7583	Labyrinth
7584	The Breakfast Club
7585	A Nightmare on Elm Street 2: Freddy's Revenge
7586	A Nightmare on Elm Street 3: Dream Warriors
7587	A Nightmare on Elm Street 4: The Dream Master
7588	A Nightmare on Elm Street 5: The Dream Child
7589	Freddy's Dead: The Final Nightmare
7590	Friday the 13th
7591	Friday the 13th Part 2
7592	Friday the 13th Part III
7593	Friday the 13th: The Final Chapter
7594	Friday the 13th: A New Beginning
7595	Friday the 13th Part VI: Jason Lives
7596	Friday the 13th Part VII: The New Blood
7597	Friday the 13th Part VIII: Jason Takes Manhattan
7598	Halloween
7599	Halloween II
7600	Halloween III: Season of the Witch
7601	Halloween 4: The Return of Michael Myers
7602	Halloween 5: The Revenge of Michael Myers
7603	Prom Night
7604	Hello Mary Lou: Prom Night II
7606	Prom Night IV: Deliver Us from Evil
7607	Child's Play
7608	Child's Play 2
7609	Child's Play 3
7610	Poltergeist
7611	Poltergeist II: The Other Side
7612	Poltergeist III
7613	Exorcist: The Beginning
7614	Exorcist II: The Heretic
7615	The Exorcist III
7616	Lethal Weapon
7617	Lethal Weapon 2
7618	Lethal Weapon 3
7619	Gremlins
7620	Gremlins 2: The New Batch
7621	The Goonies
7622	The Mask of Zorro
7623	Polish Wedding
7624	Soylent Green
7625	Metropolis
7626	Back to the Future Part II
7627	Back to the Future Part III
7628	The Poseidon Adventure
7629	Freaky Friday
7630	The Absent-Minded Professor
7631	The Apple Dumpling Gang Rides Again
7632	Babes in Toyland
7633	Bambi
7634	Dangerous Liaisons
7635	Dune
7636	The Last Temptation of Christ
7637	The Godfather Part III
7638	Rapture
7639	Lolita
7640	Disturbing Behavior
7641	Mafia
7642	Saving Private Ryan
7643	Billy's Hollywood Screen Kiss
7644	The Million Dollar Duck
7645	The Barefoot Executive
7646	The Black Cauldron
7647	The Black Hole
7648	Blackbeard's Ghost
7649	Blank Check
7650	Candleshoe
7651	The Cat from Outer Space
7653	The Computer Wore Tennis Shoes
7654	Condorman
7655	D2: The Mighty Ducks
7656	Darby O'Gill and the Little People
7657	The Devil and Max Devlin
7658	A Far Off Place
7659	Flight of the Navigator
7660	The Gnome-Mobile
7661	The Great Mouse Detective
7662	The Happiest Millionaire
7663	Herbie Goes Bananas
7664	Herbie Goes to Monte Carlo
7665	Hocus Pocus
7666	Honey, I Blew Up the Kid
7667	Honey, I Shrunk the Kids
7668	Hot Lead and Cold Feet
7669	In Search of the Castaways
7670	The Incredible Journey
7671	The Negotiator
7672	The Parent Trap
7673	BASEketball
7674	Full Tilt Boogie
7675	The Governess
7676	Major League
7677	The Purple Rose of Cairo
7678	Out of the Past
7679	Doctor Zhivago
7680	Fanny and Alexander
7681	The Trip to Bountiful
7682	Tender Mercies
7683	And the Band Played On
7684	The 'Burbs
7685	Fandango
7686	Mephisto
7687	Blue Velvet
7688	The Journey of Natty Gann
7689	The Jungle Book
7690	Kidnapped
7691	Lady and the Tramp
7692	The Little Mermaid
7693	The Mighty Ducks
7694	The Muppet Christmas Carol
7695	Newsies
7696	One Hundred and One Dalmatians
7697	One Magic Christmas
7698	Peter Pan
7699	Popeye
7700	The Rescuers Down Under
7701	The Rescuers
7702	Return from Witch Mountain
7703	The Return of Jafar
7704	Return to Oz
7705	The Rocketeer
7706	The Shaggy D.A.
7707	Sleeping Beauty
7708	Something Wicked This Way Comes
7709	Son of Flubber
7710	Song of the South
7711	Splash
7712	Squanto: A Warrior's Tale
7713	Tall Tale
7714	Tex
7715	Tron: Legacy
7716	Swing Kids
7717	Halloween H20: 20 Years Later
7718	L.A. Story
7719	The Jerk
7720	Dead Men Don't Wear Plaid
7721	The Man with Two Brains
7722	Grand Canyon
7723	Graveyard Shift
7724	The Outsiders
7725	Indiana Jones and the Temple of Doom
7726	The Lord of the Rings: The Two Towers
7727	Nineteen Eighty-Four
7728	The Dead Zone
7729	Maximum Overdrive
7730	Needful Things
7731	Cujo
7732	Children of the Corn
7733	All Dogs Go to Heaven
7734	Addams Family Reunion
7735	Ever After
7736	Snake Eyes
7737	Safe Men
7738	The Saltmen of Tibet
7739	Atlantic City
7740	Who's Afraid of Virginia Woolf%3F
7741	Adventures in Babysitting
7742	Weird Science
7743	Doctor Dolittle
7744	The Nutty Professor
7745	Charlotte's Web
7746	Watership Down
7747	The Secret of NIMH 2: Timmy to the Rescue
7748	The Dark Crystal
7749	An American Tail
7750	An American Tail: Fievel Goes West
7751	Legend
7752	Sixteen Candles
7753	Pretty in Pink
7754	St. Elmo's Fire
7755	The Clan of the Cave Bear
7756	Grindhouse
7757	House II: The Second Story
7758	The Gods Must Be Crazy
7759	The Gods Must Be Crazy II
7760	Air Bud: Golden Receiver
7761	The Avengers
7762	How Stella Got Her Groove Back
7763	Slums of Beverly Hills
7764	The Chambermaid on the Titanic
7765	Henry: Portrait of a Serial Killer, Part II
7766	Henry: Portrait of a Serial Killer
7767	Rosemary's Baby
7768	The NeverEnding Story
7769	The NeverEnding Story II: The Next Chapter
7770	Attack of the Killer Tomatoes
7771	Surf Nazis Must Die
7772	Return to Paradise
7773	Blade
7774	Dance with Me
7775	Dead Man on Campus
7776	Wrongfully Accused
7777	Next Stop Wonderland
7778	The Navigator: A Medieval Odyssey
7779	Beetlejuice
7780	Rope
7781	Family Plot
7782	Frenzy
7783	Topaz
7784	Torn Curtain
7785	Marnie
7786	The Wrong Man
7787	The Man Who Knew Too Much
7788	The Trouble with Harry
7789	I Confess
7790	Strangers on a Train
7791	Stage Fright
7792	54
7793	I Married a Strange Person!
7794	Why Do Fools Fall in Love
7795	Keep the Aspidistra Flying
7796	Willow
7797	The Untouchables
7798	Dirty Work
7799	Knock Off
7800	Firelight
7801	The Paradine Case
7802	Lifeboat
7803	Shadow of a Doubt
7804	Saboteur
7805	Pirates of the Caribbean
7806	Suspicion
7807	Secret Agent
7808	The Man Who Knew Too Much
7809	Rich and Strange
7811	Murder!
7812	Blackmail
7814	The Lodger
7815	Cube
7819	Simon Birch
7820	Without Limits
7821	Seven Beauties
7822	My Bodyguard
7823	A Touch of Class
7824	Grandview, U.S.A.
7825	Broadcast News
7826	The Allnighter
7827	Working Girl
7828	Stars and Bars
7829	Married to the Mob
7830	Say Anything...
7831	My Blue Heaven
7832	Men Don't Leave
7833	Everyone's Hero
7834	Toys
7836	Young Doctors in Love
7837	Parasite
7838	No Small Affair
7839	Blame It on Rio
7840	Wisdom
7841	One Crazy Summer
7842	About Last Night...
7843	The Seventh Sign
7844	We're No Angels
7845	Nothing but Trouble
7846	The Butcher's Wife
7847	Mortal Thoughts
7848	A Few Good Men
7849	Indecent Proposal
7850	Permanent Midnight
7851	One True Thing
7852	Rush Hour
7853	Six-String Samurai
7854	A Soldier's Daughter Never Cries
7855	Ronin
7856	Urban Legend
7857	Clay Pigeons
7858	Monument Ave.
7859	Pecker
7860	The Sheltering Sky
7861	Bandit Queen
7862	The Fiendish Plot of Dr. Fu Manchu
7863	Them!
7864	The Thing
7865	Players
7866	Stardust Memories
7867	Edward Scissorhands
7868	Overnight Delivery
7869	Shadrach
7870	Antz
7871	The Impostors
7872	A Night at the Roxbury
7873	What Dreams May Come
7875	The Battle of the Sexes
7876	The Producers
7877	History of the World, Part I
7878	My Cousin Vinny
7879	Nashville
7880	Love and the Devil
7881	Slam
7882	Holy Man
7883	One Tough Cop
7885	The Mighty
7886	2010
7887	Children of a Lesser God
7888	The Elephant Man
7889	Beloved
7890	Bride of Chucky
7891	Practical Magic
7892	The Alarmist
7893	Happiness
7894	Apt Pupil
7895	Pleasantville
7896	Soldier of Orange
7897	The Cruise
7898	Orgazmo
7899	Shattered Image
7900	Tales from the Darkside: The Movie
7901	Vampires
7902	American History X
7903	Hands on a Hard Body: The Documentary
7904	Living Out Loud
7905	Belly
7906	Gods and Monsters
7907	The Siege of Pinchgut
7908	The Waterboy
7909	Elizabeth
7910	Velvet Goldmine
7911	I Still Know What You Did Last Summer
7912	I'll Be Home for Christmas
7913	Meet Joe Black
7914	Dancing at Lughnasa
7915	Hard Core Logo 2
7917	Runaway Train
7918	Desert Bloom
7919	The Stepford Wives
7920	The Pope of Greenwich Village
7921	Sid and Nancy
7922	Mona Lisa
7923	Heart Condition
7924	Nights of Cabiria
7925	The Big Chill
7926	Enemy of the State
7927	The Rugrats Movie
7928	A Bug's Life
7929	Celebrity
7930	Central Station
7931	Savior
7932	Waking Ned
7933	Pink Flamingos
7934	Glen or Glenda
7935	Godzilla
7936	Godzilla 1985
7937	King Kong
7938	King Kong
7939	King Kong Lives
7940	Desperately Seeking Susan
7941	The Emerald Forest
7942	Fletch
7943	Fletch Lives
7944	Red Sonja
7945	The Money Pit
7946	A View to a Kill
7947	Lifeforce
7948	Police Academy
7949	Police Academy 2: Their First Assignment
7950	Police Academy 3: Back in Training
7951	Police Academy 4: Citizens on Patrol
7952	Police Academy 5: Assignment Miami Beach
7953	Police Academy 6: City Under Siege
7954	Babe: Pig in the City
7955	Home Fries
7956	Very Bad Things
7957	Psycho
7958	Little Voice
7959	A Simple Plan
7960	Jack Frost
7961	Star Trek: Insurrection
7962	The Prince of Egypt
7963	Rushmore
7964	Shakespeare in Love
7965	Mass Appeal
7966	Miracle on 34th Street
7967	Santa Claus: The Movie
7968	Prancer
7969	Pale Rider
7970	Rambo: First Blood Part II
7971	First Blood
7972	Rambo III
7973	The Jewel of the Nile
7974	Romancing the Stone
7975	Cocoon
7976	Cocoon: The Return
7977	Rocky II
7978	Rocky III
7979	Rocky IV
7980	Rocky V
7981	Clue
7982	Young Sherlock Holmes
7983	Violets Are Blue
7984	Back to School
7985	Heartburn
7986	Nothing in Common
7987	Extremities
7988	The Karate Kid
7989	The Karate Kid, Part II
7990	The Karate Kid, Part III
7991	National Lampoon's Christmas Vacation
7992	You've Got Mail
7993	The General
7994	The Theory of Flight
7995	The Thin Red Line
7996	The Faculty
7997	Mighty Joe Young
7998	Mighty Joe Young
7999	Patch Adams
8000	Stepmom
8001	A Civil Action
8002	Down in the Delta
8003	Hurlyburly
8004	Tea with Mussolini
8005	Wilde
8006	Outside Ozona
8007	Affliction
8008	Another Day in Paradise
8009	The Hi-Lo Country
8010	Hilary and Jackie
8011	Playing by Heart
8012	Twenty Four Seven
8013	At First Sight
8014	In Dreams
8015	Varsity Blues
8016	Virus
8018	Howard the Duck
8019	Gate of Hell
8020	The Gate II: Trespassers
8021	The Boy Who Could Fly
8022	The Fly
8023	The Fly
8024	The Fly II
8025	Running Scared
8026	Armed and Dangerous
8027	The Texas Chainsaw Massacre
8028	The Texas Chainsaw Massacre 2
8029	Leatherface: The Texas Chainsaw Massacre III
8030	Texas Chainsaw Massacre: The Next Generation
8031	Ruthless People
8032	Trick or Treat
8033	Deadly Friend
8034	Belizaire the Cajun
8035	Name of the Rose
8036	Jumpin' Jack Flash
8037	Peggy Sue Got Married
8038	%22Crocodile%22 Dundee
8039	%22Crocodile%22 Dundee II
8040	Tough Guys
8041	The Color of Money
8042	52 Pick-Up
8043	Heartbreak Ridge
8044	Firewalker
8045	Three Amigos
8046	Gloria
8047	My Name Is Joe
8048	Still Crazy
8049	She's All That
8052	Peeping Tom
8053	Payback
8054	Simply Irresistible
8055	20 Dates
8056	Last Days
8057	Blast from the Past
8058	Message in a Bottle
8059	My Favorite Martian
8060	Jawbreaker
8061	October Sky
8062	Office Space
8063	200 Cigarettes
8064	8mm
8065	The Other Sister
8066	Breakfast of Champions
8067	Eight Days a Week
8068	Just the Ticket
8069	The Long Goodbye
8070	Pet Sematary
8071	Pet Sematary Two
8072	Children of the Corn II: The Final Sacrifice
8073	Children of the Corn III: Urban Harvest
8074	Christine
8075	Night Shift
8076	Airport
8077	Airport 1975
8078	Airport '77
8079	Rollercoaster
8080	The Towering Inferno
8081	Alligator
8082	Meteor
8083	Westworld
8084	Logan's Run
8085	Planet of the Apes
8086	Beneath the Planet of the Apes
8087	Battle for the Planet of the Apes
8088	Conquest of the Planet of the Apes
8089	Escape from the Planet of the Apes
8091	Earthquake
8092	The Concorde ... Airport '79
8093	Beyond the Poseidon Adventure
8094	The Dancemaker
8095	Analyze This
8096	The Corruptor
8097	Cruel Intentions 2
8098	Lock, Stock and Two Smoking Barrels
8099	Six Ways to Sunday
8100	Relax...It's Just Sex
8101	The Deep End of the Ocean
8102	The Rage: Carrie 2
8103	Wing Commander
8104	The Haunting
8105	Dead Ringers
8106	My Boyfriend's Back
8107	Village of the Damned
8108	Children of the Damned
8109	Baby Geniuses
8111	Forces of Nature
8112	The King and I
8113	Ravenous
8114	True Crime
8115	Bandits
8116	The King and I
8117	Doug's 1st Movie
8118	EDtv
8119	The Mod Squad
8120	Among Giants
8121	A Walk on the Moon
8122	The Matrix
8123	10 Things I Hate About You
8124	Tango
8125	The Out-of-Towners
8126	Metro-land
8127	Following Sean
8128	Go
8129	Never Been Kissed
8130	Cookie's Fortune
8132	Goodbye Lover
8133	Life
8134	Friends with Benefits
8135	Hideous Kinky
8136	Open Your Eyes
8137	SLC Punk!
8138	Lost in Translation
8139	Pushing Tin
8140	Election
8141	Existenz
8142	Entrapment
8143	Idle Hands
8144	Get Real
8145	Three Seasons
8146	The Winslow Boy
8147	Mildred Pierce
8148	Night of the Comet
8149	My Science Project
8150	Dick Tracy
8151	The Mummy
8152	The Castle
8153	Gandhi, My Father
8154	A Midsummer Night's Dream
8155	Trippin'
8156	After Life
8157	Edge of Seventeen
8158	Endurance
8159	Star Wars Episode I: The Phantom Menace
8160	Love Letter
8162	The Mummy
8163	The Mummy
8164	The Mummy's Curse
8165	The Mummy's Ghost
8166	The Mummy's Tomb
8167	Mommie Dearest
8168	Superman
8169	Superman II
8170	Superman III
8171	Superman IV: The Quest for Peace
8172	Dracula
8174	House of Dracula
8175	House of Frankenstein
8176	Frankenstein
8177	Son of Frankenstein
8178	The Ghost of Frankenstein
8179	Frankenstein Meets the Wolf Man
8180	The Curse of Frankenstein
8181	Son of Dracula
8182	The Wolf Man
8183	Tarantula
8184	The Rocky Horror Picture Show
8185	Flying Saucer Daffy
8186	It Came from Hollywood
8187	The Thing from Another World
8188	It Came from Outer Space
8189	The War of the Worlds
8190	It Came from Beneath the Sea
8191	Invasion of the Body Snatchers
8192	Earth vs. the Flying Saucers
8193	It Conquered the World
8194	The Mole People
8195	Swamp Thing
8196	Pork Chop Hill
8197	Run Silent, Run Deep
8198	Notting Hill
8199	The Thirteenth Floor
8200	The Loss of Sexual Innocence
8201	Instinct
8202	Buena Vista Social Club
8203	Desert Blue
8204	Finding North
8205	Free Enterprise
8206	Limbo
8207	Austin Powers: The Spy Who Shagged Me
8208	Tarzan
8209	The General's Daughter
8210	Get Bruce
8211	An Ideal Husband
8212	The Legend of 1900
8213	Run Lola Run
8214	Trekkies
8215	Big Daddy
8217	My Son the Fanatic
8218	Arachnophobia
8219	Wild Wild West
8220	Summer of Sam
8222	Les Amants du Pont-Neuf
8223	American Pie
8224	Arlington Road
8225	Muppets from Space
8226	The Blair Witch Project
8227	My Life So Far
8228	Eyes Wide Shut
8229	Lake Placid
8230	The Wood
8231	The Velocity of Gary
8232	Ghostbusters
8233	Ghostbusters II
8234	Drop Dead Gorgeous
8235	The Haunting
8236	Inspector Gadget
8237	Trick
8238	Deep Blue Sea
8239	Mystery Men
8240	Runaway Bride
8241	Twin Falls Idaho
8242	The Killing
8243	Killer's Kiss
8244	Spartacus
8245	Lolita
8246	Barry Lyndon
8247	Jules and Jim
8248	Vibes
8249	The Mosquito Coast
8250	The Golden Child
8251	Assassination
8252	Crimes of the Heart
8253	The Color Purple
8254	Kindred of the Dust
8255	No Mercy
8256	Native Son
8257	Otello
8258	The Mission
8259	The Morning After
8260	Radio Days
8261	From the Hip
8262	Outrageous Fortune
8263	The Bedroom Window
8264	Light of Day
8265	Wanted: Dead or Alive
8266	Frances
8267	Plenty
8268	Dick
8269	The Iron Giant
8270	The Sixth Sense
8271	The Thomas Crown Affair
8272	The Thomas Crown Affair
8274	The Adventures of Sebastian Cole
8275	Illuminata
8276	Stiff Upper Lips
8277	The Yards
8278	Bowfinger
8279	Brokedown Palace
8280	Detroit Rock City
8281	Alice et Martin
8282	Better Than Chocolate
8283	Howl's Moving Castle
8284	Cobra
8285	Never Talk to Strangers
8286	Heaven Can Wait
8287	The Raven
8288	The Tingler
8289	The Pit and the Pendulum
8290	The Tomb of Ligeia
8291	The Masque of the Red Death
8292	Tales of Terror
8293	Haunted Honeymoon
8294	Cat's Eye
8295	And Now for Something Completely Different
8296	Damien: Omen II
8297	Airplane!
8298	Airplane II: The Sequel
8299	An American Werewolf in Paris
8300	National Lampoon's European Vacation
8301	RV
8302	Funny Farm
8303	Problem Child
8304	Problem Child 2
8305	Little Nemo: Adventures in Slumberland
8306	Tequila Sunrise
8307	The Pelican Brief
8308	A Christmas Story
8309	Mickey Blue Eyes
8310	Teaching Mrs. Tingle
8311	Universal Soldier: The Return
8312	Universal Soldier
8313	Love Stinks
8314	Perfect Blue
8315	With Friends Like These...
8316	In Too Deep
8317	Source Code
8319	Iron Eagle
8320	Iron Eagle II
8321	Aces: Iron Eagle III
8323	Three Days of the Condor
8324	Hamlet
8325	Male and Female
8326	On the Ropes
8327	Rosie
8328	The 13th Warrior
8329	The Astronaut's Wife
8330	Dudley Do-Right
8331	The Muse
8332	A Dog of Flanders
8333	Lucie Aubrac
8334	The Very Thought of You
8335	Chill Factor
8336	Outside Providence
8337	Bedrooms and Hallways
8338	Stigmata
8339	Stir of Echoes
8340	Best Laid Plans
8341	The Minus Man
8342	The Adventures of Milo and Otis
8343	Only Angels Have Wings
8344	Othello
8345	Queens Logic
8346	Public Access
8348	A Soldier's Story
8349	The Forgotten
8351	I Saw What You Did
8352	Yellow Submarine
8353	American Beauty
8354	Stop Making Sense
8355	For Love of the Game
8356	Caligula
8357	A Hard Day's Night
8358	Splendor
8359	Sugar Town
8360	The Buddy Holly Story
8361	Fright Night II
8362	Barefoot in the Park
8363	Deliverance
8364	Excalibur
8365	Lulu on the Bridge
8366	The Pajama Game
8367	Sommersby
8368	Thumbelina
8369	Tommy
8370	Hell Night
8371	Double Jeopardy
8372	Jakob the Liar
8373	Mumford
8374	Dog Park
8375	The Adventures of Elmo in Grouchland
8376	Simon Sez
8377	Drive Me Crazy
8378	Mystery, Alaska
8379	Three Kings
8380	Happy, Texas
8381	New Rose Hotel
8382	Plunkett & Macleane
8383	Romance
8385	Alvarez Kelly
8386	The Dark Half
8387	Monkey Shines
8388	Phantasm
8389	Psycho II
8390	Psycho III
8391	Rain
8392	Sanjuro
8393	Random Hearts
8394	Superstar
8395	Boys Don't Cry
8396	The Limey
8397	The Mating Habits of the Earthbound Human
8399	Risky Business
8400	Total Recall
8401	Body Heat
8402	Ferris Bueller's Day Off
8403	The Year of Living Dangerously
8404	Children of Paradise
8405	High Plains Drifter
8406	Hang 'Em High
8407	The Conformist
8408	Hairspray
8409	Brief Encounter
8410	The Razor's Edge
8411	Reds
8412	Return with Honor
8413	Days of Heaven
8414	The Lady Eve
8415	Sullivan's Travels
8416	The Palm Beach Story
8417	Man Facing Southeast
8418	Niagara
8419	Gilda Live
8420	South Pacific
8421	Flashdance
8422	Indochine
8423	The Dirty Dozen: The Next Mission
8424	Mike's Murder
8425	Help!
8426	Goldfinger
8427	From Russia with Love
8428	Dr. No
8429	Blue Lagoon: The Awakening
8430	A Fistful of Dollars
8431	Home Alone 2: Lost in New York
8432	Penitentiary II
8433	Someone to Watch Over Me
8434	Fight Club
8435	Beefcake
8436	The Story of Us
8437	Fever Pitch
8438	Joe the King
8439	Julien Donkey-Boy
8440	The Omega Code
8441	The Straight Story
8442	The Bad Seed
8443	Time Bandits
8444	Fitzcarraldo
8445	All That Jazz
8446	Red Sorghum
8447	Crimes and Misdemeanors
8448	Bats
8449	Best Man Wins
8450	Bringing Out the Dead
8451	Crazy in Alabama
8452	Three to Tango
8453	Body Shots
8454	Brother, Can You Spare a Dime%3F
8455	The Guardian
8456	The Ipcress File
8457	On Any Sunday
8458	RoboCop
8459	RoboCop 2
8460	Who Framed Roger Rabbit
8461	Melvin and Howard
8462	For Your Eyes Only
8463	Licence to Kill
8464	Live and Let Die
8465	Rawhead Rex
8466	Thunderball
8467	Sin City
8468	Music of the Heart
8469	Being John Malkovich
8472	Train of Life
8473	The Bone Collector
8474	The Insider
8475	American Movie
8476	Last Night
8477	Rosetta
8478	They Shoot Horses, Don't They%3F
8479	Battling Butler
8480	Bride of Re-Animator
8481	Bustin' Loose
8482	Coma
8483	Creepshow
8484	Creepshow 2
8485	Re-Animator
8486	Drugstore Cowboy
8487	Falling Down
8488	The Funhouse
8489	The General
8490	Piranha
8491	Rough Night in Jericho
8492	Slaughterhouse
8493	The Taming of the Shrew
8494	Nighthawks
8495	Yojimbo
8496	Repossessed
8497	The Omega Man
8498	Spaceballs
8499	Robin Hood
8500	Mister Roberts
8501	Quest for Fire
8502	Little Big Man
8503	A Face in the Crowd
8504	Trading Places
8505	Meatballs
8506	Meatballs Part II
8507	Meatballs III: Summer Job
8508	Meatballs 4
8509	Dead Again
8510	Peter's Friends
8511	The Incredibly True Adventure of Two Girls in Love
8512	Under the Rainbow
8513	How I Won the War
8514	Light It Up
8515	Anywhere but Here
8516	Dogma
8517	The Messenger: The Story of Joan of Arc
8518	Felicia's Journey
8519	Oxygen
8520	Where's Marlowe%3F
8521	The Ape
8522	Commitments
8523	Holiday Inn
8524	The Longest Day
8525	Poison Ivy
8526	Tora! Tora! Tora!
8527	Women on the Verge of a Nervous Breakdown
8528	Verdict
8529	The Effect of Gamma Rays on Man-in-the-Moon Marigolds
8530	Stand and Deliver
8531	Moonstruck
8532	The Sandpiper
8533	Jeremiah Johnson
8534	Repulsion
8535	Irma la Douce
8536	Liberty Heights
8537	Mansfield Park
8538	Sleepy Hollow
8539	The World Is Not Enough
8540	All About My Mother
8541	Scrooged
8542	Harvey
8543	Matewan
8544	Kagemusha
8545	Chushingura: Hana no Maki, Yuki no Maki
8546	McCabe & Mrs. Miller
8547	Maurice
8548	The Shop Around the Corner
8549	The Natural
8550	Shampoo
8551	A River Runs Through It
8552	Fatal Attraction
8553	Jagged Edge
8554	Stanley Kubrick's Boxes
8555	Midnight Run
8556	Awakenings
8557	Come See the Paradise
8558	Backdraft
8559	The Fisher King
8560	The River
8561	Country Strong
8562	Places in the Heart
8563	'night, Mother
8564	End of Days
8565	Toy Story 2
8566	Flawless
8567	Ride with the Devil
8568	Tumbleweeds
8570	The Distinguished Gentleman
8571	Agnes Browne
8572	The End of the Affair
8573	The End of the Affair
8574	Holy Smoke!
8575	A Map of the World
8576	Sweet and Lowdown
8577	The Bonfire of the Vanities
8578	Broadway Damage
8579	Daddy Long Legs
8580	Go West
8581	The Great Santini
8582	The James Dean Story
8583	The Sea Wolves
8584	Stealing Home
8585	The Two Jakes
8586	Hell in the Pacific
8587	The Glass Bottom Boat
8588	Cradle Will Rock
8589	Deuce Bigalow: Male Gigolo
8590	The Green Mile
8591	The Cider House Rules
8592	Ashes and Diamonds
8593	War Zone
8595	The Last Picture Show
8596	The 7th Voyage of Sinbad
8597	Anna and the King
8598	Bicentennial Man
8599	Stuart Little
8600	Fantasia 2000
8601	Magnolia
8602	Onegin
8603	Simpatico
8604	Topsy-Turvy
8605	Boiling Point
8607	Carnal Knowledge
8608	Easy Rider
8609	The Falcon and the Snowman
8610	Room at the Top
8611	Any Given Sunday
8612	Man on the Moon
8613	Galaxy Quest
8614	The Talented Mr. Ripley
8615	Next Friday
8616	The Hurricane
8617	Angela's Ashes
8618	Play It to the Bone
8619	Titus
8620	Mr. Death: The Rise and Fall of Fred A. Leuchter, Jr.
8621	The Third Miracle
8622	Montana Sky
8623	Snow Falling on Cedars
8624	Girl, Interrupted
8625	Trans
8626	My Dog Skip
8627	Supernova
8628	The Way We Were
8629	Stalag 17
8630	The Presidio
8631	Papillon
8632	Pal Joey
8633	The Last Detail
8634	Five Easy Pieces
8636	Dead Calm
8637	The Boys from Brazil
8638	Against All Odds
8639	Loaded Weapon 1
8641	Fast Times at Ridgemont High
8642	Evil Angels
8643	Batman: Mask of the Phantasm
8644	American Flyers
8645	Voyage of the Damned
8646	Poison
8647	Pacific Heights
8648	The Draughtsman's Contract
8649	Carmen
8650	A Zed & Two Noughts
8651	The Woman in the Dunes
8652	Down to You
8654	The Odessa File
8655	Seven Chances
8656	Smashing Time
8657	Zachariah
8658	Eye of the Beholder
8659	Isn't She Great
8660	The Big Tease
8661	Encino Man
8662	The Goodbye Girl
8663	Malcolm X
8664	Sister Act
8665	Sister Act 2: Back in the Habit
8666	Hand That Rocks the Cradle
8667	Alive
8668	Agnes of God
8669	Scent of a Woman
8670	Wayne's World
8671	Wayne's World 2
8672	A League of Their Own
8673	Patriot Games
8674	Bodyguard
8675	Death Becomes Her
8676	Far and Away
8677	Howards End
8678	Singles
8679	Twin Peaks: Fire Walk with Me
8680	White Men Can't Jump
8681	Buffy the Vampire Slayer
8682	Hard Boiled
8683	El Mariachi
8684	Stop! Or My Mom Will Shoot
8685	Forever Young
8686	The Cutting Edge: Fire & Ice
8687	Of Mice and Men
8688	Bad Lieutenant
8689	Scream 3
8690	Single White Female
8691	The Boondock Saints II: All Saints Day
8692	Gun Shy
8693	Different for Girls
8694	Minnie and Moskowitz
8695	They Might Be Giants
8696	The Beach
8697	Snow Day
8698	The Tigger Movie
8699	Cotton Mary
8700	Conceiving Ada
8701	Eaten Alive!
8702	To Sir, with Love II
8704	Boiler Room
8705	Hanging Up
8706	Pitch Black
8707	The Whole Nine Yards
8708	Beautiful People
8709	Black Tar Heroin
8710	Blue Collar
8711	At the Circus
8712	City Lights
8713	The Flamingo Kid
8714	A Dog's Life
8715	The Kid
8716	The Man from Laramie
8717	National Lampoon's Class Reunion
8719	Reindeer Games
8720	Wonder Boys
8721	Deterrence
8722	Judy Berlin
8723	3 Strikes
8724	Drowning Mona
8725	The Next Best Thing
8726	What Planet Are You From%3F
8727	Beyond the Mat
8728	Ghost Dog: The Way of the Samurai
8729	The Year My Voice Broke
8730	Splendor in the Grass
8731	My Tutor
8732	The Killing of Sister George
8733	Key Largo
8736	For All Mankind
8737	Cross of Iron
8738	Bride of the Monster
8739	Born Yesterday
8740	Birdy
8741	And God Created Woman
8742	Blood Feast
8743	Charlie, the Lonesome Cougar
8744	Color Me Blood Red
8745	Never Cry Wolf
8746	A Raisin in the Sun
8748	Mission to Mars
8749	The Ninth Gate
8750	East/West
8751	Defending Your Life
8752	Breaking Away
8753	Hoosiers
8754	Bull Durham
8755	Dog Day Afternoon
8756	American Graffiti
8757	The Asphalt Jungle
8758	Searchers 2.0
8760	The Devil's Brigade
8761	The Big Country
8762	Betrayed
8763	Bound for Glory
8764	The Bridge at Remagen
8766	Daughters of the Dust
8767	Destination Moon
8768	Hangmen Also Die!
8769	On the Beach
8770	Railroaded!
8771	Slaves to the Underground
8772	The Taking of Pelham One Two Three
8773	Volunteers
8774	JFK
8775	Who's Harry Crumb%3F
8776	Harry and the Hendersons
8777	Shanghai Surprise
8778	Who's That Girl
8779	She-Devil
8780	Date with an Angel
8781	Blind Date
8782	Nadine
8783	The Muppet Movie
8784	The Great Muppet Caper
8785	The Muppets Take Manhattan
8786	Sesame Street Presents Follow That Bird
8787	We're Back! A Dinosaur's Story
8788	Baby: Secret of the Lost Legend
8789	Turtle Diary
8790	Raise the Titanic
8791	Titanic
8792	A Night to Remember
8793	Captain Horatio Hornblower R.N.
8794	Erin Brockovich
8795	Final Destination 2
8796	Soft Fruit
8797	Brother Bear
8798	Impact
8799	Love Is a Many-Splendored Thing
8800	The Crimson Pirate
8801	Something for Everyone
8802	...And Justice for All
8803	National Lampoon's Animal House
8804	She's Gotta Have It
8805	Do the Right Thing
8806	Mo' Better Blues
8807	Jungle Fever
8808	Coogan's Bluff
8809	The Champ
8810	Death Wish
8811	Death Wish II
8812	Death Wish 3
8813	Death Wish 4: The Crackdown
8814	Death Wish V: The Face of Death
8815	Double Indemnity
8816	Dying Young
8817	Cool as Ice
8818	Teenage Mutant Ninja Turtles
8819	Teenage Mutant Ninja Turtles II: The Secret of the Ooze
8820	Teenage Mutant Ninja Turtles III
8821	Red Dawn
8822	Band of the Hand
8823	Born American
8824	Bloodsport
8825	Eyes of Laura Mars
8826	Funny Bones
8827	The Good Earth
8828	Good Morning, Vietnam
8829	The Good Mother
8830	Grumpy Old Men
8831	Guess Who's Coming to Dinner
8832	Romeo Must Die
8833	Here on Earth
8834	Whatever It Takes
8835	Waking the Dead
8836	Gothic
8838	Lord of the Flies
8839	Modern Times
8841	Solar Crisis
8842	That's Life!
8843	Heart and Souls
8844	Hud
8845	The Hustler
8846	Inherit the Wind
8847	Dersu Uzala
8848	Close Encounters of the Third Kind
8849	Jonah Who Will Be 25 in the Year 2000
8850	A Place in the Sun
8851	Jacob's Ladder
8852	Empire Records
8853	La Bamba
8854	Ladyhawke
8855	Lucas
8856	High Fidelity
8858	The Road to El Dorado
8859	The Skulls
8860	Devil Girl from Mars
8861	El Dorado
8862	The Hideous Sun Demon
8863	Hook
8864	Horror Express
8865	My Chauffeur
8866	Son of the Sheik
8867	True Grit
8868	Roadside Prophets
8869	Madame Sousatzka
8870	Max Dugan Returns
8871	Midnight Express
8872	Misery
8873	Mr. Saturday Night
8874	Murphy's Romance
8875	My Life to Live
8876	Network
8877	No Way Out
8878	North Dallas Forty
8879	Odd Couple
8880	The Outlaw Josey Wales
8881	Black and White
8882	Frequency
8883	Ready to Rumble
8884	Return to Me
8885	Rules of Engagement
8886	Joe Gould's Secret
8887	Me Myself I
8888	Bell, Book and Candle
8889	Bells Are Ringing
8890	The End of Violence
8891	Force 10 from Navarone
8892	How to Stuff a Wild Bikini
8893	Sacco e Vanzetti
8894	Arthur
8895	Bachelor Party
8896	Parenthood
8897	Predator
8898	The Prince of Tides
8899	The Postman Always Rings Twice
8900	Smoking/No Smoking
8901	All the Vermeers in New York
8902	28 Days
8903	American Psycho
8904	Keeping the Faith
8905	Where the Money Is
8906	East Is East
8907	The Filth and the Fury
8908	Passion of Mind
8909	Diner
8910	Shakes the Clown
8911	Cabaret
8912	What Ever Happened to Baby Jane%3F
8913	Prick Up Your Ears
8914	Auntie Mame
8915	Guys and Dolls
8916	The Hunger Games
8917	Marathon Man
8918	Caddyshack II
8919	Gossip
8920	U-571
8921	The Virgin Suicides
8922	Jennifer 8
8923	Limelight
8924	Committed
8925	The Crow: Salvation
8926	The Flintstones in Viva Rock Vegas
8927	Where the Heart Is
8928	The Big Kahuna
8929	Bossa Nova
8930	The Last September  The Last September  1
8931	Timecode
8932	Carnosaur
8933	Carnosaur 2
8934	Defying Gravity
8935	The Hidden
8936	Gladiator
8937	I Dreamed of Africa
8938	Up at the Villa
8939	Human Traffic
8940	Breathless
8941	The Great Locomotive Chase
8942	The Idolmaker
8943	Inferno
8944	The King of Marvin Gardens
8945	The Lords of Flatbush
8946	Mr. Mom
8947	Battlefield Earth
8948	Center Stage
8949	Held Up
8950	Screwed
8951	Whipped
8952	Hamlet
8953	Anchors Aweigh
8954	Blue Hawaii
8955	The Castaway Cowboy
8956	G.I. Blues
8957	The Gay Deceivers
8958	Gypsy
8959	King Creole
8960	The Sting
8961	Pee-wee's Big Adventure
8962	Regret to Inform
8963	Roustabout
8964	Saludos Amigos
8965	The Slipper and the Rose
8966	Things Change
8967	Honeymoon in Vegas
8968	Dinosaur
8969	Loser
8970	Road Trip
8971	Small Time Crooks
8972	The Hollywood Knights
8973	The Myth of Fingerprints
8975	The Twelve Chairs
8976	Mission: Impossible II
8977	Shanghai Noon
8978	Better Living Through Circuitry
8979	Flying Tigers
8981	Monsieur Verdoux
8982	On Her Majesty's Secret Service
8983	Seven Days in May
8984	The Spy Who Loved Me
8985	Those Who Love Me Can Take the Train
8986	Moonraker
8987	The Man with the Golden Gun
8988	A King in New York
8989	A Woman of Paris
8990	The Fighting Seabees
8991	Dark Command
8992	Big Momma's House 2
8993	Running Free
8994	The Abominable Snowman
8995	American Gigolo
8996	The Endless Summer
8997	The Guns of Navarone
8998	Lured
8999	Pandora and the Flying Dutchman
9000	Quatermass and the Pit
9001	Quatermass II  Quatermass II  1
9002	Puppet Master
9003	Puppet Master II
9004	Puppet Master III: Toulon's Revenge
9005	Puppet Master 4
9006	Puppet Master 5: The Final Chapter
9007	Curse of the Puppet Master
9009	Romeo and Juliet
9010	Stay Tuned
9011	The Story of G.I. Joe
9012	Blazing Saddles
9013	Benji
9014	Benji the Hunted
9015	For the Love of Benji
9016	White Christmas
9017	Eraserhead
9018	Baraka
9019	The Man with the Golden Arm
9020	The Decline of Western Civilization III
9021	The Decline of Western Civilization Part II: The Metal Years
9022	For a Few Dollars More
9023	Magnum Force
9024	Blood Simple
9025	The Fabulous Baker Boys
9026	Prizzi's Honor
9027	Flatliners
9029	Porky's
9030	Porky's II: The Next Day
9031	Porky's Revenge!
9032	Private School
9033	Class of Nuke 'Em High
9034	The Toxic Avenger
9035	The Toxic Avenger Part II
9036	The Toxic Avenger Part III: The Last Temptation of Toxie
9037	Night of the Creeps
9038	Predator 2
9039	The Running Man
9040	Starman
9041	Alien Nation
9042	Mad Max
9043	Mad Max Beyond Thunderdome
9044	Bird on a Wire
9045	Angel Heart
9046	Firestarter
9047	Sleepwalkers
9048	Action Jackson
9049	Sarafina!
9050	Soapdish
9051	The Long Walk Home
9052	Clara's Heart
9053	Burglar
9054	Fatal Beauty
9055	Gone in 60 Seconds
9056	American Pimp
9057	Love's Labour's Lost
9058	Sunshine
9059	Trixie
9060	Hamlet
9061	Coming Home
9062	American Pop
9063	Assault on Precinct 13
9064	Near Dark
9065	One False Move
9066	Shaft
9067	Conversation Piece
9068	Cutter's Way
9069	Fury
9070	The Paper Chase
9071	Prince of the City
9072	Serpico
9073	Ace in the Hole
9074	Lonely Are the Brave
9075	The Sugarland Express
9076	Trouble in Paradise
9077	Big Trouble in Little China
9078	Badlands
9079	Boys and Girls
9080	Shaft
9081	Titan A.E.
9082	Jesus' Son
9083	Match Point
9084	Chicken Run
9085	The Patriot
9086	The Adventures of Rocky and Bullwinkle
9087	The Perfect Storm
9088	The Golden Bowl
9089	Asylum
9090	Communion
9091	Fun and Fancy Free
9092	The Kentucky Fried Movie
9093	F/X
9094	The Hot Spot
9095	Missing in Action
9096	Missing in Action 2: The Beginning
9097	Braddock: Missing in Action III
9098	Thunderbolt and Lightfoot
9099	Dreamscape
9100	The Golden Voyage of Sinbad
9101	House Party
9102	House Party 2
9103	Make Mine Music
9104	Melody Time
9106	On Our Merry Way
9108	Shaft in Africa
9109	Shaft's Big Score
9110	Croupier
9111	Mad Max 2
9112	Scary Movie 2
9113	But I'm a Cheerleader
9114	Blowup
9115	The Pawnbroker
9116	The Groove Tube
9117	Footloose
9118	Duel in the Sun
9119	X-Men
9120	Chuck Moll
9121	Five Senses of Eros
9122	The In Crowd
9123	What Lies Beneath
9124	Anatomy of a Murder
9125	Freejack
9126	Greaser's Palace
9127	H.O.T.S.
9128	Knightriders
9129	Mackenna's Gold
9130	Sinbad and the Eye of the Tiger
9131	Two Women
9132	What About Bob%3F
9133	White Sands
9134	Breaker Morant
9135	Everything You Always Wanted to Know About Sex*
9136	Interiors
9137	Love and Death
9138	Tampopo
9139	Thomas and the Magic Railroad
9140	Nutty Professor II: The Klumps
9141	Wonderland
9142	Autumn in New York
9143	Coyote Ugly
9144	Hollow Man 2
9145	Space Cowboys
9146	Better Living
9147	Psycho Beach Party
9148	Saving Grace
9149	Bronco Billy
9150	Crush
9151	Kelly's Heroes
9152	Phantasm II
9153	Phantasm III: Lord of the Dead
9154	Phantasm IV: Oblivion
9155	Pumpkinhead
9156	Air America
9158	Sleepaway Camp Reunion
9159	Steel Magnolias
9160	And God Created Woman
9161	Easy Money
9162	Ilsa, She Wolf of the SS
9163	Silent Fall
9164	The Spiral Staircase
9165	I'm the One That I Want
9166	The Tao of Steve
9167	The Tic Code
9168	Bless the Child
9169	Cecil B. Demented
9170	The Eyes of Tammy Faye
9171	The Opportunists
9172	The Replacements
9173	About Adam
9174	Cell Phone
9175	The Original Kings of Comedy
9176	Sunset Strip
9177	The Naked Gun: From the Files of Police Squad!
9178	Shane
9179	Suddenly, Last Summer
9180	Cat Ballou
9181	A Couch in New York
9182	The Devil Rides Out
9184	Supergirl
9185	X the Unknown
9186	The Art of War
9187	Bittersweet Motel
9188	Bring It On
9189	Catfish in Black Bean Sauce
9190	The Crew
9191	Love & Sex
9192	Steal This Movie!
9193	Went to Coney Island on a Mission from God... Be Back by Five
9194	Skipped Parts
9195	Highlander: Endgame
9198	Nurse Betty
9199	Solas
9200	Watcher in the Attic
9201	The Way of the Gun
9202	Almost Famous
9203	Bait
9205	Crime and Punishment in Suburbia
9206	Duets
9207	Urbania
9209	The Specials
9210	Urban Legends: Final Cut
9211	Woman on Top
9212	Dancer in the Dark
9213	Best in Show
9214	A Beautiful Mind
9215	Barenaked in America
9216	The Broken Hearts Club: A Romantic Comedy
9217	Girlfight
9218	Remember the Titans
9219	Hellraiser: Deader
9220	Hellbound: Hellraiser II
9221	Hellraiser III: Hell on Earth
9222	Faraway, So Close!
9223	Beach Party
9224	Bikini Beach
9225	Return of the Fly
9226	Pajama Party
9227	Stranger Than Paradise
9228	Voyage to the Bottom of the Sea
9229	Fantastic Voyage
9230	Abbott and Costello Meet Frankenstein
9231	The Bank Dick
9232	Creature from the Black Lagoon
9233	The Invisible Man
9234	Kronos
9235	Phantom of the Opera
9236	Runaway
9237	The Slumber Party Massacre
9238	Slumber Party Massacre II
9240	Sorority House Massacre
9241	Sorority House Massacre II
9242	Bamboozled
9243	Bootmen
9244	Digimon: The Movie
9245	Get Carter
9246	Get Carter
9247	Meet the Parents
9248	Requiem for a Dream
9249	Tigerland
9250	Two Family House
